Sample,Treatment,Replicate,Day,Glucose,Xylose,Pyruvate,Xylitol,Succinate,Lactate,Glycerol,Formate,Acetate,Ethanol,Cellobiose
pH6_1A,pH 6,A,1,0.008984579,0.655631222,0.016251473,0.085341734,0.004430737,0.133692232,0.043376232,0.004867212,0.777936584,0,0
pH6_1B,pH 6,B,1,0.014645206,0.424591661,0.017252715,0,0.002633407,0.043962643,0.030027786,0,0.35952364,0,0
pH6_1C,pH 6,C,1,0.011016784,0.311142924,0.017779314,0,0.005824199,0.057447619,0.030951449,0,0.312119574,0,0
pH6_1D,pH 6,D,1,0.010146611,0.674208308,0.019979933,0.081125769,0.003999708,0.090671826,0.042301542,0.007445813,0.894922232,0,0
pH6_1E,pH 6,E,1,0.009916006,0.682753708,0,0.108963922,0.004077648,0.231436238,0.052780463,0,0.772989877,0.09681288,0.086477788
pH6_1F,pH 6,F,1,0.008654886,0.704773275,0.019655873,0.08871329,0.005206588,0.088935984,0.040167816,0.01555768,1.11080599,0,0
pH6_1X,pH 6,X,1,0.031099219,0.9563281,0.371718872,0.137025731,0,0.012367984,0.126771094,0.200586772,1.664140379,0.089102144,0.983893637
Buffer_1A,pH 6 + MES,A,1,0,0.744964577,0.273799674,0.277193276,0,0.051832032,0.037578245,0,0.526096211,0.085899819,0.822624064
Buffer_1B,pH 6 + MES,B,1,0,0.717932169,0.197783641,0.269468824,0,0.04099721,0.034514411,0,0.477601602,0.112599226,0.231056983
Buffer_1C,pH 6 + MES,C,1,0,0.760334886,0.373821745,0.290185023,0,0.052138304,0.030327079,0,1.381529225,0.144803538,0.440473982
Buffer_1D,pH 6 + MES,D,1,0,0.737256903,0.189302582,0.245796427,0,0.060447283,0.020007473,0,0.287312828,0.113311469,0.813618243
Buffer_1E,pH 6 + MES,E,1,0,0.703861986,0.146073047,0.235502229,0.033937885,0.02289203,0.014149629,0,0,0,0.765915802
Buffer_1F,pH 6 + MES,F,1,0,0.685796843,0.074025878,0.143459985,0.023051168,0.024391862,0.016452799,0.026269321,0,0.07211245,0
Buffer_1X,pH 6 + MES,X,1,0.037786758,0.977343297,0.38648037,0.131365899,0,0.018686195,0.122845297,0.207274471,1.754057306,0.105876692,1.050812602
5%_g_1A,pH 6 + 5% glucose,A,1,0,0.725938602,0.30690319,0.120128396,0,0.178885368,0.058746974,0,1.600381716,0.075394016,0.781808629
5%_g_1B,pH 6 + 5% glucose,B,1,0,0.712803728,0.245443474,0.135997224,0,0.151530774,0.060894513,0,1.390322058,0.089832814,0.843647915
5%_g_1C,pH 6 + 5% glucose,C,1,0,0.744695844,0.351693147,0.128120625,0,0.502520288,0.061377985,0,2.277159395,0.101520773,0.842473838
5%_g_1D,pH 6 + 5% glucose,D,1,0,0.705912761,0.260971094,0.12785437,0,0.128286531,0.053164478,0,1.358336742,0.119681107,0.733863158
5%_g_1E,pH 6 + 5% glucose,E,1,0,0.709425803,0.053676092,0.151694126,0.020278415,0.303954242,0.061102636,0.009223491,0.320255246,0,0.5864874
5%_g_1F,pH 6 + 5% glucose,F,1,0,0.637626131,0.021517461,0.179311668,0.019155379,0.11909747,0.038672275,0,0.149606278,0.103556607,0
5%_g_1X,pH 6 + 5% glucose,X,1,4.575235264,0.688252969,0.321204134,0.128035423,0,0.01649545,0.124877724,0.208150422,1.725717957,0,1.031537886
10%_g_1A,pH 6 + 10% glucose,A,1,2.752760125,0.572993665,0.297272948,0.123207831,0,0.408420918,0.091477602,0,1.928438446,0.117159235,0.79998115
10%_g_1B,pH 6 + 10% glucose,B,1,2.458187715,0.591426626,0.266040708,0.141909617,0,0.382639122,0.091869905,0,1.782407873,0.146334905,0.922564373
10%_g_1C,pH 6 + 10% glucose,C,1,3.915647885,0.537304761,0.294569506,0.129842918,0,0.522318971,0.095448522,0,2.167322794,0.156054293,0.853379404
10%_g_1D,pH 6 + 10% glucose,D,1,2.303026717,0.591621795,0.270466603,0.131438929,0,0.341566245,0.072030035,0,1.723074557,0,0.799409515
10%_g_1E,pH 6 + 10% glucose,E,1,0.826745232,0.724704533,0.331209511,0.125077705,0,0.407025579,0.105960596,0.036775668,1.516363284,4.97938381,0.873229178
10%_g_1F,pH 6 + 10% glucose,F,1,1.455579299,0.687759042,0.282343256,0.1435178,0,0.22742948,0.069731469,0,1.425514643,0.103255309,0.835093925
10%_g_1X,pH 6 + 10% glucose,X,1,8.547159728,0.457639778,0.301873202,0.123061771,0,0.015674821,0.116362161,0.191773408,1.591873475,0.006400044,1.025965299
pH8_1A,pH 8,A,1,0.00954848,0.013932064,0,0,0.002678281,0.002914088,0,0,0,0.088436893,0
pH8_1B,pH 8,B,1,0.009746656,0.003555078,0.006723381,0,0.027067409,0,0.028075478,0,0.333470475,0,0
pH8_1C,pH 8,C,1,0.015337021,0.039132886,0,0.025119305,0.00854145,0.044339178,0.032094286,0,0.213213198,0,0
pH8_1D,pH 8,D,1,0.01590993,0.521917937,0.020913369,0.029831266,0.001751275,0.105431434,0.04591147,0.027271394,1.383241501,0,0
pH8_1E,pH 8,E,1,0.016374742,0.53039728,0.015129589,0.033122184,0.003216772,0.290054898,0.058092214,0.007133729,1.217588245,0,0
pH8_1F,pH 8,F,1,0.010162826,0.568805038,0.01878672,0.046640356,0.00196856,0.102493024,0.044473945,0.023969662,1.523284422,0,0
pH8_1X,pH 8,X,1,0.037309334,0.967757497,0.368642936,0.126389204,0,0.015958573,0.121829545,0.202742817,1.703353861,0.06108191,0.980374829
pH10_1A,pH 10,A,1,0,0.005102919,0.005096913,0,0,0,0,0,0,0,0
pH10_1B,pH 10,B,1,0,0.004343261,0.006320066,0,0,0.006929854,0,0,0.215022897,0,0
pH10_1C,pH 10,C,1,0,0.022442934,0.00865894,0,0.007034621,0.026217784,0.009666687,0,2.601463879,0,0
pH10_1D,pH 10,D,1,0,0.015046029,0.009073702,0.022354812,0.0065599,0.087998251,0.042075,0.004475037,3.344462357,0,0
pH10_1E,pH 10,E,1,0.02223895,0.218278511,0.02442168,0.031851765,0.01152086,0.218423282,0.04157311,0,2.319206989,0,0
pH10_1F,pH 10,F,1,0,0.031348645,0.004455836,0.018263606,0.009463733,0.171705091,0.04612696,0,3.406551256,0.025729174,0
pH10_1X,pH 10,X,1,0.151341606,0.940459359,0.332751441,0.129900733,0,0.016812531,0.114687044,0.24322252,1.674256388,0,0.277818108
pH6_2A,pH 6,A,2,0.009062048,0,0,0,0.000441657,0,0.001702744,0,0.012101068,0,0
pH6_2B,pH 6,B,2,0.010510534,0.012543362,0.005031748,0,0.000173592,0.004046394,0.002874129,0,0.222016068,0.189366589,0
pH6_2C,pH 6,C,2,0.010276326,0.003639151,0.005324988,0,0,0,0.012310591,0,0.2847391,0,0
pH6_2D,pH 6,D,2,0.01022408,0.025969487,0.010351453,0,0.008348963,0,0.045975012,0,0.311938309,0.021493037,0
pH6_2E,pH 6,E,2,0.018237597,0.154145978,0.009560674,0.022621067,0.004868851,0,0.052960959,0,0,0,0
pH6_2F,pH 6,F,2,0.009744854,0.033942892,0.00767619,0,0.004978674,0,0.05293149,0,0.252674665,0,0
pH6_2X,pH 6,X,2,0.038480374,0.955852188,0.371578857,0.123670355,0,0.01755389,0.119714237,0.19986226,1.683117711,0.108873545,0.494683479
Buffer_2A,pH 6 + MES,A,2,0.016181971,0.548576521,0.036989603,0.084471459,0.016029537,0.047976608,0,0,0,0.012328793,0
Buffer_2B,pH 6 + MES,B,2,0.014924454,0.615713156,0.010543424,0.033610573,0,0.04612096,0,0,0,0,0
Buffer_2C,pH 6 + MES,C,2,0.010395232,0.774142342,0.116110632,0.186174974,0.019717487,0.002658261,0.018928179,0,0,0.079662862,0.634518445
Buffer_2D,pH 6 + MES,D,2,0.015196496,0.34143015,0.000842734,0,0.00549709,0.021544434,0.00465607,0,0,0,0
Buffer_2E,pH 6 + MES,E,2,0.008854864,0.017285968,0.005843662,0.067072043,0.012441962,0.02686636,0,0,0.021487883,0,0
Buffer_2F,pH 6 + MES,F,2,0.010611424,0.052625069,0,0,0.009410592,0.026482619,0,0,0,0.003484274,0
Buffer_2X,pH 6 + MES,X,2,0.036168922,0.956960147,0.368155964,0.13298169,0,0.015466736,0.123150115,0.199395516,1.715417141,0.12733748,0.90016449
5%_g_2A,pH 6 + 5% glucose,A,2,0,0.750424805,0.105089923,0.218734218,0.022891747,0.058869982,0.055952042,0.050922068,0.656480714,0.024185829,0.409872675
5%_g_2B,pH 6 + 5% glucose,B,2,0,0.743129988,0.035637001,0.195700835,0.018496437,0.090306101,0.060553779,0.053689852,0.743003792,0,0.29139701
5%_g_2C,pH 6 + 5% glucose,C,2,0,0.69698453,0.290173551,0.16347327,0,0.013138168,0.043035499,0.031532852,1.657679785,0.092413656,0.670038553
5%_g_2D,pH 6 + 5% glucose,D,2,0.013549834,0.694331733,0.015181544,0.142711427,0.008560344,0.065871901,0.054503467,0.037894198,0.291609459,0,0
5%_g_2E,pH 6 + 5% glucose,E,2,0.011908576,0.015642045,0.004657493,0,0.002730241,0,0.024227958,0,0.068766185,0,0
5%_g_2F,pH 6 + 5% glucose,F,2,0.011411334,0.345491166,0.019199722,0.056181432,0.000305853,0.033804322,0.0204845,0,0.160759099,0,0
5%_g_2X,pH 6 + 5% glucose,X,2,4.29833655,0.641223246,0.293370129,0.124173958,0,0.017049442,0.117982945,0.193078359,1.63145303,0.127200652,0.474330529
10%_g_2A,pH 6 + 10% glucose,A,2,0,0.73964397,0.308932973,0.123679483,0,0.050803318,0.043235334,0.018662864,2.171146483,0.071951205,0.702388995
10%_g_2B,pH 6 + 10% glucose,B,2,0,0.715367949,0.246896464,0.150441965,0,0.054669552,0.049454172,0.025723866,1.46261317,0.133937929,0.79762615
10%_g_2C,pH 6 + 10% glucose,C,2,1.253259619,0.669458195,0.311536026,0.1441842,0,0.036777862,0.045611256,0,3.015107839,0.160924814,0.78985602
10%_g_2D,pH 6 + 10% glucose,D,2,0,0.747010849,0.274709334,0.143219594,0,0.050443899,0.046782641,0.003505645,1.54098168,0,0.738446508
10%_g_2E,pH 6 + 10% glucose,E,2,0.01788088,0.565090821,0.110857853,0.218983738,0.014403437,0.024240528,0.011200907,0,0.019489244,0.074017905,0
10%_g_2F,pH 6 + 10% glucose,F,2,0.156094227,0.576677855,0.064421174,0.253234845,0,0.035630243,0,0,0.203668145,0.095061759,0
10%_g_2X,pH 6 + 10% glucose,X,2,8.893070531,0.474484364,0.300380585,0.127903056,0,0.016258539,0.12081195,0.19947791,1.689980986,0.0166907,0.929064583
pH8_2A,pH 8,A,2,0.00886207,0.00706812,0,0,0.001420623,0,0,0,0.059933793,0,0
pH8_2B,pH 8,B,2,0.009734045,0,0,0,0.002318107,0.007703642,0,0,0.025195256,0,0
pH8_2C,pH 8,C,2,0.010366406,0,0,0,0.00124703,0,0.002621802,0,0.035349643,0,0
pH8_2D,pH 8,D,2,0.009597123,0.026916808,0.007979997,0,0.022505592,0,0.075518404,0,0.105637392,0,0
pH8_2E,pH 8,E,2,0.020449962,0.148052201,0.010261632,0,0,0,0.041992119,0,0,0,0
pH8_2F,pH 8,F,2,0.010132198,0.004760622,0.006645008,0,0.00772781,0,0.06809503,0,0.125269522,0,0
pH8_2X,pH 8,X,2,0.039615382,0.980878859,0.373855208,0.131317213,0,0.017353912,0.121808364,0.210036731,1.742479368,0.069377734,0.513164067
pH10_2A,pH 10,A,2,0.020073427,0.014406475,0.005851587,0,0.017642646,0.023976594,0.004974702,0,2.985940103,0,0
pH10_2B,pH 10,B,2,0.009471011,0,0,0,0.001824491,0.00586691,0,0,0.069404451,0,0
pH10_2C,pH 10,C,2,0.010728528,0.007045601,0.004628434,0,0,0,0.010832547,0,0,0.004938704,0
pH10_2D,pH 10,D,2,0.010159222,0.006926998,0.003347161,0,0,0.011522133,0,0,0.774001301,0,0
pH10_2E,pH 10,E,2,0.024597245,0.007713679,0.000457031,0,0,0,0.020743273,0,0,0.054271381,0
pH10_2F,pH 10,F,2,0.010227683,0.006658266,0.003320743,0,0,0.003686974,0,0,1.502417682,0,0
pH10_2X,pH 10,X,2,0.12805953,0.974702511,0.333536056,0.125824742,0,0.020199539,0.116539895,0.256354419,1.717062697,0,0.262438727
pH6_3A,pH 6,A,3,0.011645542,0.006499128,0,0,0.003934759,0.005620091,0,0,0.02317477,0,0
pH6_3B,pH 6,B,3,0.011078038,0.006367013,0,0,0.004017422,0,0,0,0.015424655,0,0
pH6_3C,pH 6,C,3,0.010849235,0,0,0,0.002280318,0.00564171,0,0,0.014402603,0,0
pH6_3D,pH 6,D,3,0.010669075,0,0,0,0.002477528,0.00854679,0,0,0.027011449,0.208427591,0
pH6_3E,pH 6,E,3,0.011802282,0,0,0,0.001652079,0.002722218,0,0,0.009523797,0,0
pH6_3F,pH 6,F,3,0.01044928,0,0,0,0.002094917,0.005963296,0,0,0.010553525,0,0
pH6_3X,pH 6,X,3,0.039712669,1.001976628,0.373957357,0.129635999,0,0.018186251,0.125700087,0.205732926,1.762186484,0.05564565,0.516316618
Buffer_3A,pH 6 + MES,A,3,0.009995277,0.003546071,0.003266145,0,0.000850248,0.033444002,0,0,0,0.012868272,0
Buffer_3B,pH 6 + MES,B,3,0.009406154,0.009408647,0.005441227,0,0.005002292,0.05525237,0.01359893,0,0,0,0
Buffer_3C,pH 6 + MES,C,3,0.015418093,0.331719742,0.007331876,0,0.004717696,0.048495469,0,0,0,0,0
Buffer_3D,pH 6 + MES,D,3,0.010233088,0,0,0,0,0,0.011615312,0,0,0,0
Buffer_3E,pH 6 + MES,E,3,0.009989872,0,0,0,0.001568235,0.004232859,0,0,0,0.003400427,0
Buffer_3F,pH 6 + MES,F,3,0.011016784,0,0,0,0.002563734,0,0,0,0,0,0
Buffer_3X,pH 6 + MES,X,3,0.039972099,1.00961224,0.382887522,0.140896325,0,0.016499053,0.127611876,0.206555482,1.814916909,0.052085821,0.732250942
5%_g_3A,pH 6 + 5% glucose,A,3,0.014414602,0.227290815,0.016066547,0,0.007659317,0.049494456,0.032051925,0,0.130842685,0,0
5%_g_3B,pH 6 + 5% glucose,B,3,0.01133927,0.146489348,0.01322309,0.016165513,0,0,0,0,0.222726958,0.191950194,0
5%_g_3C,pH 6 + 5% glucose,C,3,0,0.729281997,0.171256446,0.218022175,0.022438281,0.031435218,0.055406869,0.042282698,0.786475527,0.05450081,0.42339681
5%_g_3D,pH 6 + 5% glucose,D,3,0.012108554,0.145508999,0.006647649,0.018575505,0.006755929,0,0.08615572,0,0.196449425,0,0
5%_g_3E,pH 6 + 5% glucose,E,3,0.009280042,0,0,0,0.002103183,0.005627298,0,0,0.045159213,0,0
5%_g_3F,pH 6 + 5% glucose,F,3,0.011236579,0,0,0,0.001890621,0.009572802,0,0,0.011903861,0.002766964,0
5%_g_3X,pH 6 + 5% glucose,X,3,4.545640381,0.66972993,0.315777876,0.128111496,0,0.016544994,0.126900941,0.202629584,1.731674316,0.081666446,0.518493623
10%_g_3A,pH 6 + 10% glucose,A,3,0,0.686997883,0.277998375,0.143493457,0,0.021631811,0.044082562,0,0.381953865,0.020269418,0.316637954
10%_g_3B,pH 6 + 10% glucose,B,3,0,0.679024478,0.160507843,0.192517941,0,0.081328728,0.051684592,0,0.20344732,0,0.329124931
10%_g_3C,pH 6 + 10% glucose,C,3,0,0.69942114,0.289001472,0.113785429,0,0.03509697,0.029242259,0,2.804994451,0,0.737210818
10%_g_3D,pH 6 + 10% glucose,D,3,0,0.661618406,0.027996916,0.218054126,0.019858014,0.086522741,0.036049551,0,0.061777737,0.012140366,0.192421977
10%_g_3E,pH 6 + 10% glucose,E,3,0.016275654,0.056726621,0.007845265,0.061745411,0.012095959,0.043786086,0,0,0.197697025,0,0
10%_g_3F,pH 6 + 10% glucose,F,3,0.009815117,0.008833649,0,0,0.001819767,0,0.000912612,0,0.023430431,0,0
10%_g_3X,pH 6 + 10% glucose,X,3,8.98319377,0.436306305,0.303507596,0.118275257,0,0.016836853,0.123299301,0.200037174,1.701605568,0.098027285,0.841720785
pH8_3A,pH 8,A,3,0.011274413,0.006752847,0,0,0.002752678,0,0,0,0.06473348,0.456933778,0
pH8_3B,pH 8,B,3,0.009894387,0,0,0,0.003776518,0,0,0,0.010048698,0,0
pH8_3C,pH 8,C,3,0.01202568,0.006095278,0,0,0.002537754,0,0.000472422,0,0.014556708,0,0
pH8_3D,pH 8,D,3,0.010229485,0,0,0,0.002314564,0,0.004311654,0,0.008618062,0.002558728,0
pH8_3E,pH 8,E,3,0.012229261,0,0,0,0.001150197,0.005251664,0,0,0,0.511748785,0
pH8_3F,pH 8,F,3,0.010400637,0,0,0,0.002267328,0,0,0,0.006484803,0,0
pH8_3X,pH 8,X,3,0.038563248,0.947814228,0.335542943,0.116064576,0,0.016398163,0.120300851,0.198083661,1.700967303,0.170119464,0.716320463
pH10_3A,pH 10,A,3,0.011431152,0.005811532,0,0,0.000591631,0,0,0,0,0.01897393,0
pH10_3B,pH 10,B,3,0.009602528,0,0,0,0.001085247,0,0,0,0,0,0
pH10_3C,pH 10,C,3,0.011701392,0.00585507,0,0,0.001081704,0,0.004896425,0,0,0,0
pH10_3D,pH 10,D,3,0.011314048,0,0,0,0.000614068,0,0.002862157,0,0.011491143,0.208406859,0
pH10_3E,pH 10,E,3,0.011805885,0,0,0,0.000383793,0,0,0,0.018072778,0,0
pH10_3F,pH 10,F,3,0.010905085,0,0,0,0.000505425,0,0.003588747,0,0,0,0
pH10_3X,pH 10,X,3,0.136359501,0.947134139,0.230961126,0.06219272,0,0.025955651,0.111893034,0.237984766,1.702711462,0.153322342,0.834881701
pH6_4A,pH 6,A,4,0.01174463,0,0,0,0.001225774,0.006364152,0,0,0.01866558,0.270716534,0
pH6_4B,pH 6,B,4,0.010045722,0,0,0,0.001667431,0.005580456,0,0,0.056107151,0,0
pH6_4C,pH 6,C,4,0.012050902,0,0,0,0.00131198,0,0.001007465,0,0.115664244,0.036989142,0
pH6_4D,pH 6,D,4,0.011368096,0,0,0,0.002406674,0,0,0,0,0.017487251,0
pH6_4E,pH 6,E,4,0.01190137,0,0,0,0.001258839,0.004375186,0,0,6.26E-05,0,0
pH6_4F,pH 6,F,4,0.011661757,0,0,0,0.002494061,0,0,0,0.007205139,0,0
pH6_4X,pH 6,X,4,0.037505709,0.952402201,0.316917373,0.10988897,0,0.020824694,0.119257471,0.18881506,1.724584312,0.207535215,0.699749889
Buffer_4A,pH 6 + MES,A,4,0.010112381,0,0,0,0.001178538,0,0,0,0,0,0
Buffer_4B,pH 6 + MES,B,4,0.008654886,0,0,0,9.68E-05,0,0.00101299,0,0,0,0
Buffer_4C,pH 6 + MES,C,4,0.009494432,0.003520549,0.004130014,0,0.009862877,0.040251347,0,0,0,0.000626552,0
Buffer_4D,pH 6 + MES,D,4,0.010442074,0,0,0,0.001512733,0,0.001654857,0,0,0,0
Buffer_4E,pH 6 + MES,E,4,0.01049432,0,0,0,0.000586907,0.003562664,0,0,0,0.00437665,0
Buffer_4F,pH 6 + MES,F,4,0.010950125,0,0,0,0.001289543,0,0,0,0,0.367005138,0
Buffer_4X,pH 6 + MES,X,4,0.037269699,0.954059636,0.26614726,0.06751783,0,0.019070837,0.119447176,0.187346703,1.779695391,0.075623905,0.714187955
5%_g_4A,pH 6 + 5% glucose,A,4,0.009570099,0,0,0,0.001270648,0,0,0,0.05838684,0,0
5%_g_4B,pH 6 + 5% glucose,B,4,0.011362691,0.009428164,0.004695359,0,0.007717182,0,0.036895859,0,0.019823433,0,0
5%_g_4C,pH 6 + 5% glucose,C,4,0.012101347,0.296832532,0.001827245,0.043471155,0.005067242,0.054742517,0.038925522,0,0.135567386,0,0
5%_g_4D,pH 6 + 5% glucose,D,4,0.009726838,0,0,0,0.000838439,0,0.001313203,0,0,0,0
5%_g_4E,pH 6 + 5% glucose,E,4,0.011063626,0,0,0,0.000830173,0,0,0,0,0,0
5%_g_4F,pH 6 + 5% glucose,F,4,0.011656352,0,0,0,0.001367482,0.007144245,0,0,0,0,0
5%_g_4X,pH 6 + 5% glucose,X,4,4.310441501,0.513249431,0.178058201,0.053133948,0,0.023743286,0.114391435,0.178045881,1.717349651,0.079626467,0.703617839
10%_g_4A,pH 6 + 10% glucose,A,4,0.010919498,0.226263926,0.004834494,0.08483661,0.022256422,0.050529475,0,0,0.164210221,0,0
10%_g_4B,pH 6 + 10% glucose,B,4,0.009670989,0.308192869,0.006484738,0.078560587,0.016193682,0.052097768,0,0,0.382298682,0,0
10%_g_4C,pH 6 + 10% glucose,C,4,0.009782688,0.695869064,0.222147201,0.124000511,0,0.039654117,0.037092931,0,1.222572149,0.10018935,0.648237689
10%_g_4D,pH 6 + 10% glucose,D,4,0.012079728,0.174796359,0.00341937,0.026601207,0.020078843,0.030646117,0,0,0.546743307,0,0
10%_g_4E,pH 6 + 10% glucose,E,4,0.011182531,0,0.002673502,0,0,0,0.031327176,0,0.060771627,0,0
10%_g_4F,pH 6 + 10% glucose,F,4,0.010016896,0.018146213,0.005811079,0,0.018248448,0.054654238,0,0,0.160708321,0.130338941,0
10%_g_4X,pH 6 + 10% glucose,X,4,8.756871373,0.208920908,0.134580337,0.033870743,0,0.023174882,0.112933651,0.174608361,1.705859098,0.068530507,0.742595142
pH8_4A,pH 8,A,4,0.00906385,0,0,0,0.001471401,0.00553992,0,0,0.077087846,0.004099309,0
pH8_4B,pH 8,B,4,0.010305152,0,0,0,0.000635324,0.006731678,0,0,0,0,0
pH8_4C,pH 8,C,4,0.012602192,0,0,0,0.00065658,0,0.004396377,0,0,0,0
pH8_4D,pH 8,D,4,0.01207072,0,0,0,0.001790244,0,0,0,0.037263259,0,0
pH8_4E,pH 8,E,4,0.012011267,0,0,0,0.001228136,0,0,0,0.012849155,0,0
pH8_4F,pH 8,F,4,0.012043696,0,0,0,0.001145473,0,0.001241373,0,0.008211249,0.233216015,0
pH8_4X,pH 8,X,4,0.036022992,0.906810722,0.15673183,0.015648216,0,0.027112278,0.10574971,0.173083847,1.724517593,0.050357274,0.730881756
pH10_4A,pH 10,A,4,0.012058109,0,0,0,0,0,0.002861236,0,0,0,0
pH10_4B,pH 10,B,4,0.010582598,0,0,0,0,0,0.003713069,0,0.003567438,0,0
pH10_4C,pH 10,C,4,0.012297722,0,0,0,0,0,0.004083271,0,0.007660369,0,0
pH10_4D,pH 10,D,4,0.012454461,0.005515776,0,0,0,0,0.006035579,0,0.017004082,0.333740294,0
pH10_4E,pH 10,E,4,0.01230673,0,0,0,0,0,0.002177929,0,0,0,0
pH10_4F,pH 10,F,4,0.012297722,0,0,0,0.000984871,0.008362126,0,0,0,0,0
pH10_4X,pH 10,X,4,0.097234154,0.875615209,0.093085584,0,0,0.028714802,0.098037172,0.205505998,1.62685055,0.075540058,0.811547349
pH6_5A,pH 6,A,5,0.012077926,0,0,0,0.00082663,0.002697896,0,0,0,0,0
pH6_5B,pH 6,B,5,0.009934022,0,0,0,0.00160012,0,0,0,0.022317451,0.073105258,0
pH6_5C,pH 6,C,5,0.012438246,0,0,0,0.000190125,0,0.004303366,0,0.005159855,0.039427167,0
pH6_5D,pH 6,D,5,0.012144586,0,0,0,0.001411176,0.006659614,0,0,0,0.009117714,0
pH6_5E,pH 6,E,5,0.012004061,0,0,0,0.000294044,0,0,0,0,0,0
pH6_5F,pH 6,F,5,0.01237519,0,0,0,0.00182331,0.006649706,0,0,0,0,0
pH6_5X,pH 6,X,5,0.034769078,0.877063964,0.145469836,0.017177283,0,0.02744107,0.103244862,0.158780485,1.707996491,0.081903246,0.706339097
Buffer_5A,pH 6 + MES,A,5,0.01070871,0,0,0,4.72E-06,0,0,0,0,1.160584383,0
Buffer_5B,pH 6 + MES,B,5,0.009258422,0,0,0,0.0009707,0,0,0,0,0,0
Buffer_5C,pH 6 + MES,C,5,0.009843942,0,0,0,0.000645952,0.002642046,0,0,0,0.120111861,0
Buffer_5D,pH 6 + MES,D,5,0.01115911,0,0,0,1.42E-05,0,0,0,0,0.001764481,0
Buffer_5E,pH 6 + MES,E,5,0.012236467,0,0,0,0.001310799,0,0,0,0,0.036946758,0
Buffer_5F,pH 6 + MES,F,5,0.011449168,0,0,0,0.001333236,0,0,0,0,0.286219089,0
Buffer_5X,pH 6 + MES,X,5,0.034878976,0.877457305,0.13480577,0.015053325,0,0.02740684,0.10305884,0.155954243,1.647269737,0.083810544,0.734051421
5%_g_5A,pH 6 + 5% glucose,A,5,0.010946522,0,0,0,0,0,0,0,0.020422139,0,0
5%_g_5B,pH 6 + 5% glucose,B,5,0.009629552,0,0,0,0.000825449,0.004386896,0,0,0.021435334,0,0
5%_g_5C,pH 6 + 5% glucose,C,5,0.011288826,0.168023995,0.012235056,0,0,0,0.098948863,0,0,0.218085705,0
5%_g_5D,pH 6 + 5% glucose,D,5,0.011753638,0,0,0,0.000464094,0.005542622,0,0,0.001732941,0,0
5%_g_5E,pH 6 + 5% glucose,E,5,0.01244185,0,0,0,0.000464094,0,0,0,0,0,0
5%_g_5F,pH 6 + 5% glucose,F,5,0.01202568,0,0,0,0.000596355,0.006748794,0,0,0.008959927,0.196747924,0
5%_g_5X,pH 6 + 5% glucose,X,5,3.860632426,0.292700955,0.02128058,0,0,0.028689579,0.095412607,0.144732589,1.64232244,0,0.694499061
10%_g_5A,pH 6 + 10% glucose,A,5,0,0.046947152,0.005728303,0,0.029546118,0,0,0,0.289094775,0.575588445,0
10%_g_5B,pH 6 + 10% glucose,B,5,0,0.010097744,0.004029626,0,0.01657157,0,0.138087113,0,0.192730834,0,0
10%_g_5C,pH 6 + 10% glucose,C,5,0,0.618125745,0.003514475,0.164690438,0.035012504,0.13805931,0.074358071,0,0.156686244,0.005769346,0
10%_g_5D,pH 6 + 10% glucose,D,5,0,0,0.003305772,0,0.015709513,0,0.114575615,0,0.131368176,0,0
10%_g_5E,pH 6 + 10% glucose,E,5,0,0,0,0,7.32E-05,0,0.002940434,0,0,0,0
10%_g_5F,pH 6 + 10% glucose,F,5,0.009499837,0,0.001128049,0,0.015932703,0,0,0,0.06349887,0.062403197,0
10%_g_5X,pH 6 + 10% glucose,X,5,7.941034829,0.13783135,0,0,0,0.029719194,0.094860067,0.141738338,1.672680503,0,0.718966415
pH8_5A,pH 8,A,5,0.011434755,0,0,0,0,0,0,0,0.058763541,0,0
pH8_5B,pH 8,B,5,0.010778973,0,0,0,0,0.004016667,0,0,0.010236458,0,0
pH8_5C,pH 8,C,5,0.012821987,0,0,0,0,0,0,0,0,0.065250784,0
pH8_5D,pH 8,D,5,0.012874234,0,0,0,0,0.006648805,0,0,0,0.029778266,0
pH8_5E,pH 8,E,5,0.012922877,0,0,0,0,0,0.00115573,0,0,0,0
pH8_5F,pH 8,F,5,0,0,0,0,0.000468817,0,0,0,0.006634774,0,0
pH8_5X,pH 8,X,5,0.038274992,0.806099014,0,0,0,0.032835962,0.0884681,0.141199327,1.673357738,0,0.731350702
pH10_5A,pH 10,A,5,0.012643629,0,0,0,0,0,0,0,0.033233506,0,0
pH10_5B,pH 10,B,5,0,0,0,0,0,0,0.000703568,0,0,0,0
pH10_5C,pH 10,C,5,0.013232752,0,0,0,0,0,0,0,0,0,0
pH10_5D,pH 10,D,5,0.013497587,0,0,0,0,0,0,0,0,0,0
pH10_5E,pH 10,E,5,0.012985933,0,0,0,0,0,0,0,0,0,0
pH10_5F,pH 10,F,5,0.013227347,0,0.000811033,0,0,0,0.002348295,0,0,0,0
pH10_5X,pH 10,X,5,0.071132573,0.779667126,0,0.080135298,0,0.041838557,0.076449434,0.163700632,1.621612757,0.103955112,0.832434281
pH6_6A,pH 6,A,6,0.013232752,0,0,0,0,0,0,0,0,0,0
pH6_6B,pH 6,B,6,0,0,0,0,0,0.008932333,0,0,0.007931971,0,0
pH6_6C,pH 6,C,6,0.013854304,0,0,0,0,0,0,0,0.000767572,0.007185538,0
pH6_6D,pH 6,D,6,0.014151568,0,0,0,0,0,0,0,0.001055707,0,0
pH6_6E,pH 6,E,6,0.013632707,0,0,0,0,0,0,0,0,0,0
pH6_6F,pH 6,F,6,0.013971408,0,0,0,0,0,0.001889687,0,0,1.394631501,0
pH6_6X,pH 6,X,6,0.039323523,0.767020175,0,0.054796903,0,0.034449294,0.083682183,0.118124948,1.733908541,0.077118877,0.740890505
Buffer_6A,pH 6 + MES,A,6,0.171346573,0.009937105,0,0,0,0,0,0,0,0.848625985,0
Buffer_6B,pH 6 + MES,B,6,0,0,0,0,9.33E-05,0,0.000390462,0,0,0,0
Buffer_6C,pH 6 + MES,C,6,0.01289225,0,0,0,0,0,0,0,0,0,0
Buffer_6D,pH 6 + MES,D,6,0.014726278,0,0,0,0.000519596,0,0,0,0,0,0
Buffer_6E,pH 6 + MES,E,6,0,0,0,0,0,0,0,0,0,0.058122833,0
Buffer_6F,pH 6 + MES,F,6,0,0,0,0,0.000401506,0,0.001250582,0,0,1.126259008,0
Buffer_6X,pH 6 + MES,X,6,0.038820877,0.751727933,0,0.092786238,0,0.03746157,0.08061927,0.119011025,1.506275027,0.091952495,0.737019132
5%_g_6A,pH 6 + 5% glucose,A,6,0.013807462,0,0,0,0,0.004974218,0,0,0.0496501,0.202307652,0
5%_g_6B,pH 6 + 5% glucose,B,6,0.011618518,0,0,0,0,0.005984014,0,0,0.020220799,0,0
5%_g_6C,pH 6 + 5% glucose,C,6,0.01172121,0,0,0.014543636,0,0,0.001054431,0,0,0,0
5%_g_6D,pH 6 + 5% glucose,D,6,0.014113734,0,0,0,0,0.010338482,0,0,0,0.030166636,0
5%_g_6E,pH 6 + 5% glucose,E,6,0.014113734,0,0,0,0,0,0,0,0,0,0
5%_g_6F,pH 6 + 5% glucose,F,6,0.014385776,0,0,0,0,0.005965098,0,0,0.005383041,0,0
5%_g_6X,pH 6 + 5% glucose,X,6,3.83746385,0.03416058,0.211815121,0.054046824,0,0.039901837,0.077665022,0.112959461,1.774343053,0.058275786,0.76113392
10%_g_6A,pH 6 + 10% glucose,A,6,0.011939203,0,0.000538927,0,0,0,0,0,0,0,0
10%_g_6B,pH 6 + 10% glucose,B,6,0.009299859,0,0,0,0,0.004903955,0,0,0.068690609,0,0
10%_g_6C,pH 6 + 10% glucose,C,6,0.013987622,0.253806775,0.005485257,0.098893379,0.033082914,0,0,0,0.12349525,0.162711408,0
10%_g_6D,pH 6 + 10% glucose,D,6,0.011780662,0,0,0,0,0,0,0,0,0.468771464,0
10%_g_6E,pH 6 + 10% glucose,E,6,0.009744854,0,0,0,0,0.005064298,0,0,0.036063485,0.147662182,0
10%_g_6F,pH 6 + 10% glucose,F,6,0.013220141,0,0,0,0,0.003825698,0,0,0,0,0
10%_g_6X,pH 6 + 10% glucose,X,6,7.268620058,0.52604351,0.223500683,0.052358003,0,0.034619546,0.073140641,0.10530099,1.673233155,0.057648312,0.718162018
pH8_6A,pH 8,A,6,0.013776835,0,0,0,0,0,0,0,0,0.014247148,0
pH8_6B,pH 8,B,6,0.012067117,0,0,0,0,0,0,0.011990355,0.062963341,0,0
pH8_6C,pH 8,C,6,0.014765914,0,0,0,0,0,0,0,0,0,0
pH8_6D,pH 8,D,6,0.015248742,0,0,0,0,0,0.000884985,0,0.001789033,0,0
pH8_6E,pH 8,E,6,0.015322608,0,0,0,0,0,0,0,0,0,0
pH8_6F,pH 8,F,6,0.015902723,0,0,0,0,0.005814664,0,0,0,0,0
pH8_6X,pH 8,X,6,0.043562688,0.722961524,0.165354665,0.115649218,0.103465734,0.034262829,0.07299698,0.105194661,1.73491406,0.076854895,0.766412132
pH10_6A,pH 10,A,6,0.014102925,0,0,0,0,0.004659838,0,0,0,0,0
pH10_6B,pH 10,B,6,0,0,0,0,0,0,0,0,0.01968527,0,0
pH10_6C,pH 10,C,6,0.015106416,0,0,0,0,0,0,0,0,0,0
pH10_6D,pH 10,D,6,0.015165869,0,0,0,0,0.002783472,0,0,0,0,0
pH10_6E,pH 10,E,6,0.014418205,0,0,0,0,0,0,0,0,0,0
pH10_6F,pH 10,F,6,0,0,0,0,0,0,0,0,0.019378241,0,0
pH10_6X,pH 10,X,6,0.125566115,0.693213265,0.245617833,0.126930843,0.06641854,0.03861009,0.062118389,0.118707227,1.625742885,0.076576172,0.840615168
pH6_7A,pH 6,A,7,0.015845072,0,0,0,0,0,0,0,0.000396185,0,0
pH6_7B,pH 6,B,7,0,0,0.000251852,0,0,0,0,0,0,0,0
pH6_7C,pH 6,C,7,0.016679213,0,0,0,0,0,0,0,0,0,0
pH6_7D,pH 6,D,7,0.015994605,0,0,0,0,0,0,10.77830333,0.02580518,1.266831017,0
pH6_7B2,pH 6,B,7,0.016607149,0,0,0,0,0,0,0,0,0,0
pH6_7F,pH 6,F,7,0.016380147,0,0,0,0,0.00470668,0,0,0,0,0
pH6_7X,pH 6,X,7,0.253189658,0.732742494,3.331115187,0.125091398,0.065503342,0.035101474,0.072408525,0.095477728,1.779657603,0.078181251,0.768277648
Buffer_7A,pH 6 + MES,A,7,0,0,0,0,0,0,0,0,0,0.373644285,0
Buffer_7B,pH 6 + MES,B,7,0,0,0,0,0,0,0,0,0,0,0
Buffer_7C,pH 6 + MES,C,7,0,0,0,0,0,0,0,0,0,0,0
Buffer_7D,pH 6 + MES,D,7,0,0,0,0,0,0,0,0,0,0,0
Buffer_7E,pH 6 + MES,E,7,0,0,0,0,0,0.00391848,0,0,0,0,0
Buffer_7F,pH 6 + MES,F,7,0,0,0.004406522,0,0,0.004524718,0,0,0,0,0
Buffer_7X,pH 6 + MES,X,7,0.05619911,0.725043827,3.334566259,0.151211824,0.040269871,0.036747235,0.071453552,0.088276334,1.490774796,0.059419243,0.7657515
5%_g_7A,pH 6 + 5% glucose,A,7,0.015452323,0,0,0,0.000212562,0,0,0,0,0.062886011,0
5%_g_7B,pH 6 + 5% glucose,B,7,0.009123302,0,0,0,0,0.003577978,0,0,0,0.010371278,0
5%_g_7C,pH 6 + 5% glucose,C,7,0.015326211,0,0,0,0,0,0,0,0,0,0
5%_g_7D,pH 6 + 5% glucose,D,7,0.015837866,0,0,0,0,0.01121496,0,0,0,0,0
5%_g_7E,pH 6 + 5% glucose,E,7,0.015661309,0,0,0,0,0,0.000669494,0,0,0.03461193,0
5%_g_7F,pH 6 + 5% glucose,F,7,0.015713555,0,0,0,0,0.003868035,0,0,0,0,0
5%_g_7X,pH 6 + 5% glucose,X,7,3.621551098,0.087832055,0.32728996,0.145151848,0.069232624,0.034867266,0.066262439,0.08561534,1.676893883,0.056637076,0.7241214
10%_g_7A,pH 6 + 10% glucose,A,7,0.014645206,0,0,0,0,0.00624885,0,0,0.05377078,0,0
10%_g_7B,pH 6 + 10% glucose,B,7,0.013902947,0,0,0,0.003445866,0.005524606,0,0,0,0,0
10%_g_7C,pH 6 + 10% glucose,C,7,0.010553773,0,0,0,0.027616527,0,0.048451312,0,0.054920367,0,0
10%_g_7E,pH 6 + 10% glucose,E,7,0.014585754,0,0,0,0,0.004258982,0,0,0,0.136120265,0
10%_g_7F,pH 6 + 10% glucose,F,7,0.01557303,0,0.000392748,0,0,0,0,0,0.021152513,0,0
10%_g_7X,pH 6 + 10% glucose,X,7,7.504928723,0.62705848,0.333907669,0.156208298,0.070759528,0.025044942,0.069849344,0.088477025,1.668036102,0.066401152,0.765549545
pH8_7A,pH 8,A,7,0.015319005,0,0,0,0,0,0,0,0.040661241,0,0
pH8_7B,pH 8,B,7,0.009670989,0,0,0,0,0,0,0,0.016067053,0.028413212,0
pH8_7C,pH 8,C,7,0.015093805,0,0,0,0,0,0,0,0,0.005467588,0
pH8_7D,pH 8,D,7,0.015551411,0,0,0,0,0,0,0,0.008322842,0,0
pH8_7F,pH 8,F,7,0.015337021,0,0,0,0,0.002994259,0,0,0,0.028316926,0
pH8_7X,pH 8,X,7,0.041910621,0.696504114,3.077935643,0.16405751,0.074236098,0.036159914,0.064536672,0.088144228,1.713902072,0.06521531,0.767907968
pH10_7A,pH 10,A,7,0.013524611,0.006081766,0,0,0,0.00284833,0,0,0,0.000649126,0
pH10_7B,pH 10,B,7,0.009343098,0,0,0,0,0,0,0,0,0,0
pH10_7C,pH 10,C,7,0.01453711,0,0,0,0,0,0,0,0,0,0
pH10_7D,pH 10,D,7,0.014540714,0,0,0,0,0,0,0,0,0,0
pH10_7E,pH 10,E,7,0.013870518,0.006324977,0,0,0,0,0,0,0.00230862,0,0
pH10_7F,pH 10,F,7,0.014692048,0,0,0,0,0.002817702,0,0,0.007402346,0.020597436,0
pH10_7X,pH 10,X,7,0.043036621,0.708074633,2.807471681,0.196218132,0.082376041,0.044537354,0.053397466,0.089027544,1.679640019,0.061976128,0.87333529
